{
  "BLEU-1": 0.10613832524871222,
  "BLEU-2": 0.06284533098892842,
  "BLEU-3": 0.03612860145382456,
  "BLEU-4": 0.020778163973553847,
  "ROUGE-1": 0.1844048423201461,
  "ROUGE-2": 0.07003907394157244,
  "ROUGE-L": 0.1463944386054642,
  "METEOR": 0.1493409207832335,
  "CIDEr": 0.030791579860688933,
  "BERTScore-P": 0.5846103186833115,
  "BERTScore-R": 0.565060644928908,
  "BERTScore-F1": 0.5683467942214728,
  "BERTScore-model": "google-bert/bert-base-uncased",
  "Clinical-Keyword-Coverage": 0.20128524046434496,
  "Exact-Entity-Match-Rate": 0.10696517412935323,
  "Avg-Reference-Length": 36.42725173210162,
  "Avg-Generated-Length": 21.12933025404157,
  "Length-Ratio": 1.3307834992170677
}